,신장,체중
100153005,150,50
200213004,153,44
100024033,153,50
100194044,154,44
100374024,155,40
100194019,155,50
100374028,155,50
100245006,155,65
100374031,156,45
100204017,156,50
100374002,156,50
100283011,156,52
100194017,156,53
100185030,157,47
100024029,157,50
100224017,157,54
100374058,158,43
100194021,158,48
100284012,158,48
100344001,158,49
100244043,158,50
100283010,158,50
100374005,158,53
100374013,158,55
100024049,159,47
100253056,159,50
100214002,159,52
200163002,160,45
100153010,160,48
100164016,160,50
100244050,160,51
100224019,160,52
100174012,160,53
100034014,160,55
100153009,160,55
100175012,160,55
100264004,160,55
100374029,160,55
100354027,160,57
100024001,160,60
100253023,160,60
100155035,160,65
100285015,160,70
100253018,161,43
100153006,161,51
100153012,161,54
100295037,161,55
100253020,161,56
100253025,161,59
200184027,161,60
200273001,161,64
100034006,162,43
100325021,162,45
100374032,162,49
200144006,162,50
100224005,162,53
200354007,162,54
200344003,162,55
100284004,162,63
100253007,163,41
100194046,163,50
200374005,163,50
100285029,163,52
100174003,163,53
100374065,163,53
200264020,163,54
100034001,163,55
200014026,163,55
100194003,163,56
100184009,163,57
200023004,163,57
200394016,163,57
100244027,163,58
100074012,163,60
100255003,163,60
100354036,163,60
200283012,163,60
200324009,163,60
100354022,163,63
200204004,163,63
200416021,163,63
100344027,163,65
200103001,163,66
200354002,163,66
200364009,163,67
100253022,163,78
200403002,164,46
100374057,164,47
100164013,164,50
100253017,164,53
100253001,164,56
200293002,164,58
100285031,164,60
200064025,164,62
200213003,164,63
100254018,164,64
100253037,164,70
100174024,164,75
200164005,165,45
100253021,165,50
100374040,165,50
100374023,165,51
100284028,165,53
100253033,165,54
100014010,165,55
100173014,165,55
100284007,165,55
100374010,165,55
200374004,165,55
100283007,165,56
200335018,165,56
100244039,165,57
100324002,165,57
200144015,165,57
100144003,165,60
100184002,165,60
100264019,165,60
200044002,165,60
200204010,165,60
200294005,165,60
100334014,165,61
100354024,165,62
200134002,165,62
200344001,165,62
100153014,165,63
100334019,165,63
200144001,165,63
200034006,165,64
200184006,165,64
100064001,165,65
100184017,165,65
100245043,165,65
100324003,165,65
200164010,165,65
200284027,165,65
200064013,165,66
200023001,165,67
200124021,165,68
100204001,165,70
100264001,165,70
200014011,165,70
100165016,165,80
100245017,165,80
100173015,166,50
100274005,166,50
200304024,166,50
100374046,166,54
100384017,166,55
100173004,166,56
200043005,166,56
200094012,166,56
200324013,166,56
100234015,166,58
100165019,166,59
100274011,166,60
100374016,166,60
200264012,166,60
200084018,166,61
100334032,166,62
100124002,166,63
200184009,166,63
200364011,166,63
100294010,166,65
100324027,166,65
100264032,166,66
100294012,166,66
200024015,166,66
200054011,166,66
200114018,166,69
200114006,166,70
200254002,166,72
100175022,166,80
100154016,167,50
100283009,167,50
200023008,167,51
100184013,167,52
100224012,167,52
100324040,167,53
200324006,167,53
200244042,167,54
200024007,167,55
100104015,167,56
200064033,167,56
100024060,167,57
100173010,167,57
200163006,167,57
100084001,167,58
100344013,167,58
200024018,167,58
200163003,167,58
200304002,167,58
100104006,167,60
100204023,167,60
100234032,167,60
100314004,167,60
200014030,167,60
200043003,167,60
200115019,167,60
200144017,167,61
100275021,167,62
100324006,167,62
100104001,167,63
100344003,167,63
200074026,167,63
200134005,167,63
200204029,167,63
200354001,167,63
100034017,167,64
100034019,167,64
200044013,167,65
200084021,167,65
200325020,167,68
100164017,167,70
200046002,167,71
100335009,167,74
200186021,167,75
100096005,167,79
100074005,168,45
100154019,168,50
200053006,168,50
200133001,168,50
200365005,168,51
200174040,168,52
200294007,168,53
200204001,168,54
100155005,168,55
100176002,168,55
100253054,168,55
100344028,168,55
200144005,168,55
200194022,168,55
200293007,168,55
100155028,168,56
200304010,168,56
100185018,168,57
100315006,168,57
200314017,168,57
100105015,168,58
100314003,168,58
100354006,168,58
200023003,168,58
200084006,168,58
200273002,168,58
200293004,168,58
200404006,168,58
100284006,168,59
100315018,168,59
100364005,168,59
200115025,168,59
100014022,168,60
100024048,168,60
100194025,168,60
100253053,168,60
100294038,168,60
100304016,168,60
100385007,168,60
200064003,168,60
200104002,168,60
200124020,168,60
200334003,168,60
100194002,168,61
200144013,168,61
200194024,168,61
100045032,168,62
100154021,168,62
100184001,168,62
100224007,168,62
100234019,168,62
100304006,168,62
100354011,168,62
200054003,168,62
200134024,168,62
200194025,168,62
200224006,168,62
200365001,168,62
100074009,168,63
100174030,168,63
100283008,168,63
200014008,168,63
200084028,168,63
200175005,168,63
200244041,168,63
200274017,168,63
100194004,168,64
100374033,168,64
200194002,168,64
100014019,168,65
100044001,168,65
100124004,168,65
100173005,168,65
100194038,168,65
100245010,168,65
100324009,168,65
200024016,168,65
200064007,168,65
200264029,168,65
100125005,168,66
100164032,168,66
200114023,168,67
200244046,168,67
200325025,168,67
100284001,168,68
100335030,168,68
200044014,168,68
200145014,168,68
200244030,168,68
100344015,168,69
200055024,168,69
100164005,168,70
100204020,168,70
100285026,168,70
200145029,168,70
200365012,168,70
200036007,168,72
200196003,168,72
200326003,168,72
100354026,168,74
100355024,168,75
200056008,168,75
100244003,168,88
200214001,169,50
100253048,169,52
200384002,169,53
200094023,169,56
200154008,169,57
100104008,169,58
200155033,169,58
100234021,169,59
200104012,169,59
200053002,169,60
200154015,169,60
200274021,169,60
200404003,169,60
200094009,169,61
200283004,169,61
100153003,169,62
100364014,169,62
100185043,169,63
100204016,169,63
200334002,169,63
200415010,169,63
100225027,169,64
100253043,169,64
200343002,169,64
100204031,169,65
200094005,169,65
200224028,169,65
200314009,169,65
100224009,169,66
100244018,169,67
100174011,169,68
100384007,169,68
100244010,169,69
200114022,169,69
200394007,169,69
100214003,169,71
100315011,169,72
200365008,169,72
100384010,169,73
200166003,169,74
100317021,169,78
100253015,170,50
200263004,170,50
200284016,170,50
100124005,170,52
200073007,170,52
100035013,170,53
100164007,170,53
100244017,170,53
100374055,170,53
200104007,170,53
200145003,170,53
200264001,170,53
200024014,170,54
200214011,170,54
100034007,170,55
100074019,170,55
100154023,170,55
100324034,170,55
100374050,170,55
200044007,170,55
200084016,170,55
200084023,170,55
200154023,170,55
200214004,170,55
200324004,170,55
200394017,170,55
100253030,170,56
100374051,170,56
200053003,170,56
100044002,170,57
100174025,170,57
100234014,170,57
100244013,170,57
200154025,170,57
100074020,170,58
100184015,170,58
100204045,170,58
100274031,170,58
100294011,170,58
100324016,170,58
100384013,170,58
200024009,170,58
200113001,170,58
200174007,170,58
200224017,170,58
200244020,170,58
200335007,170,58
200354012,170,58
200404014,170,58
100334030,170,59
200144009,170,59
200304004,170,59
100035037,170,60
100104012,170,60
100154004,170,60
100164014,170,60
100164048,170,60
100184010,170,60
100204030,170,60
100215016,170,60
100224010,170,60
100244025,170,60
100244053,170,60
100253063,170,60
100285001,170,60
100284015,170,60
100294016,170,60
100295047,170,60
100304034,170,60
100324015,170,60
100334021,170,60
100344026,170,60
100354018,170,60
100384012,170,60
200014012,170,60
200024010,170,60
200043002,170,60
200074008,170,60
200094019,170,60
200124001,170,60
200134018,170,60
200154029,170,60
200204020,170,60
200234002,170,60
200295012,170,60
200335016,170,60
200375005,170,60
200414001,170,60
100024025,170,61
100124003,170,61
100244011,170,61
100334033,170,61
200074013,170,61
200304017,170,61
100035016,170,62
100104003,170,62
100173002,170,62
100224026,170,62
100266024,170,62
100283004,170,62
100304001,170,62
100344041,170,62
100364012,170,62
200014015,170,62
200065016,170,62
200073002,170,62
200084017,170,62
200124002,170,62
200144018,170,62
200154026,170,62
200224015,170,62
200244033,170,62
200283002,170,62
200304005,170,62
200363002,170,62
200415014,170,62
100164042,170,63
100184014,170,63
100234005,170,63
100294051,170,63
100315005,170,63
100325009,170,63
100354025,170,63
100374038,170,63
100384039,170,63
200034025,170,63
200064017,170,63
200084004,170,63
200154013,170,63
200204016,170,63
200224021,170,63
200275005,170,63
100014006,170,64
100104020,170,64
100194023,170,64
100244002,170,64
200054008,170,64
200134012,170,64
200244005,170,64
200374001,170,64
100015036,170,65
100124008,170,65
100154022,170,65
100164031,170,65
100185049,170,65
100184020,170,65
100225003,170,65
100235036,170,65
100265034,170,65
100304014,170,65
100315020,170,65
100324012,170,65
100345015,170,65
100356009,170,65
100384011,170,65
200025025,170,65
200043004,170,65
200105008,170,65
200145021,170,65
200164016,170,65
200184028,170,65
200214002,170,65
200224010,170,65
200244012,170,65
200264027,170,65
200295005,170,65
200354003,170,65
200405002,170,65
200415024,170,65
100014018,170,66
100104016,170,66
100324021,170,66
200024008,170,66
200235024,170,66
200385016,170,66
100046012,170,67
100164028,170,67
100224023,170,67
100284014,170,67
100384028,170,67
200025002,170,67
200074019,170,67
200094010,170,67
200244013,170,67
200264026,170,67
200324018,170,67
100015016,170,68
100105041,170,68
100164051,170,68
100253009,170,68
100284022,170,68
100304036,170,68
100315025,170,68
100384003,170,68
200045009,170,68
200074024,170,68
200185021,170,68
200244006,170,68
200274007,170,68
200394004,170,68
100035035,170,69
100274007,170,69
200314006,170,69
100035015,170,70
100105021,170,70
100124001,170,70
100155018,170,70
100175018,170,70
100194022,170,70
100235020,170,70
100244012,170,70
100254003,170,70
100264028,170,70
100286004,170,70
100324018,170,70
100325023,170,70
100334029,170,70
100354031,170,70
100365031,170,70
100364017,170,70
100384032,170,70
200035006,170,70
200075008,170,70
200085054,170,70
200124018,170,70
200135027,170,70
200165017,170,70
200195010,170,70
200204017,170,70
200225035,170,70
200244024,170,70
200265005,170,70
200265030,170,70
200295009,170,70
200324016,170,70
200374003,170,70
200415005,170,70
200024004,170,71
100125001,170,72
100264008,170,72
200135008,170,72
200235020,170,72
100294025,170,73
200414004,170,73
100235018,170,74
200405013,170,74
100136006,170,75
100216037,170,75
200015030,170,75
200065008,170,75
200245011,170,75
200274008,170,75
200375001,170,75
200034007,170,76
100216004,170,78
200284011,170,78
200205008,170,79
100036019,170,80
100126001,170,80
100196005,170,80
100204012,170,80
100284021,170,80
200165005,170,80
200335013,170,80
100304018,170,81
200266013,170,83
200368001,170,89
200264015,171,51
200264016,171,52
100185012,171,53
100294050,171,54
100034021,171,55
200184020,171,55
200213001,171,55
200104013,171,56
200344015,171,56
200124014,171,57
200274020,171,57
100064002,171,58
100174033,171,58
100244046,171,58
200055022,171,58
200174014,171,58
200194010,171,58
200294009,171,58
200324008,171,58
200034001,171,59
100014004,171,60
100044008,171,60
100244030,171,60
100384018,171,60
200044011,171,60
200074015,171,60
200104004,171,60
200116021,171,60
200154011,171,60
200194017,171,60
200283014,171,60
200344010,171,60
100014009,171,61
100164052,171,61
100374007,171,61
200224019,171,61
100075011,171,62
100154010,171,62
100284017,171,62
100334011,171,62
200014020,171,62
200073001,171,62
200215003,171,62
200234009,171,62
100074011,171,63
100204041,171,63
100244052,171,63
100354008,171,63
100384029,171,63
200134009,171,63
200224025,171,63
200335014,171,63
200365010,171,63
100014003,171,64
100074007,171,64
100174019,171,64
100194036,171,64
100325016,171,64
100365018,171,64
200014009,171,64
200144014,171,64
200194023,171,64
200394014,171,64
100105031,171,65
100164054,171,65
100195030,171,65
100204028,171,65
200014018,171,65
200034027,171,65
200094011,171,65
200134017,171,65
200174009,171,65
200364005,171,65
100045027,171,66
100315023,171,66
100365019,171,66
200184011,171,66
200224005,171,66
200324010,171,66
200355013,171,66
200394015,171,66
200014002,171,67
200114008,171,67
200144002,171,67
200224023,171,67
200294010,171,67
100045017,171,68
100225033,171,68
100274002,171,68
100344002,171,68
200124027,171,68
200215019,171,68
200265022,171,68
200414003,171,68
100304045,171,69
100014011,171,70
100124010,171,70
100155003,171,70
100164053,171,70
100185055,171,70
100196007,171,70
100294023,171,70
100304035,171,70
100384021,171,70
200064014,171,70
200145017,171,70
200275011,171,70
200305017,171,70
100174034,171,71
100204003,171,71
200174012,171,71
200325021,171,71
200015010,171,72
100235019,171,73
200025026,171,73
200044009,171,74
200146013,171,74
100244020,171,75
100367004,171,75
200055009,171,75
200085037,171,75
200235004,171,75
200355003,171,75
200044022,171,76
100226006,171,78
200155036,171,78
100046001,171,80
200136022,171,80
100374022,171,83
100325022,171,85
100016009,172,49
200154010,172,50
100204042,172,51
200174006,172,52
200154007,172,53
200135024,172,54
100264022,172,55
200234004,172,55
200064008,172,57
100225047,172,58
100344035,172,58
200074021,172,58
200124030,172,58
200254008,172,58
200045022,172,59
200064002,172,59
100154029,172,60
100194030,172,60
100244054,172,60
100264002,172,60
100344005,172,60
100374021,172,60
100384035,172,60
200075026,172,60
200135005,172,60
200174019,172,60
200184019,172,60
200264009,172,60
200283001,172,60
200364013,172,60
100234016,172,61
200225012,172,61
100154001,172,62
100184005,172,62
100264029,172,62
100315001,172,62
100385037,172,62
200034010,172,62
200104011,172,62
200175004,172,62
200275031,172,62
200314003,172,62
100024055,172,63
100104011,172,63
100224004,172,63
100315009,172,63
100384031,172,63
200085042,172,63
200115035,172,63
200364006,172,63
200395014,172,63
100204048,172,64
100244034,172,64
100253035,172,64
100295049,172,64
200204019,172,64
200265028,172,64
200286006,172,64
100024005,172,65
100105038,172,65
100154012,172,65
100164020,172,65
100205015,172,65
100225017,172,65
100234026,172,65
100234035,172,65
100274010,172,65
100325010,172,65
100344039,172,65
100355019,172,65
200015013,172,65
200155026,172,65
200204013,172,65
200234012,172,65
200263002,172,65
200304009,172,65
200336005,172,65
100074004,172,66
100185047,172,66
100245042,172,66
200084002,172,66
200283013,172,66
100104009,172,67
100225026,172,67
100295023,172,67
100355013,172,67
200064016,172,67
200085026,172,67
200134001,172,67
200194003,172,67
100044005,172,68
100194007,172,68
100225036,172,68
100384030,172,68
200024001,172,68
200054001,172,68
200055018,172,68
200085014,172,68
200135018,172,68
200225044,172,68
200264011,172,68
200305001,172,68
100074016,172,69
100244016,172,69
200084010,172,69
200275009,172,69
100014021,172,70
100185017,172,70
100195008,172,70
100215004,172,70
100244006,172,70
100254011,172,70
100315013,172,70
100355006,172,70
100365009,172,70
200027005,172,70
200065027,172,70
200095008,172,70
200215016,172,70
200275007,172,70
200416011,172,70
100344045,172,71
100046003,172,72
100185046,172,72
100334015,172,72
200015017,172,72
200355016,172,72
100016021,172,73
200055017,172,73
200304016,172,73
100155001,172,74
100274016,172,74
100384009,172,74
200345001,172,74
100215009,172,75
100225009,172,75
100253045,172,75
200106012,172,75
200364007,172,75
200045014,172,76
200145022,172,76
200285004,172,76
200125010,172,77
200336004,172,77
100265010,172,78
200145008,172,78
200195007,172,78
200045021,172,80
100216003,172,83
100216002,172,85
100253061,173,48
200084012,173,50
100024053,173,52
100125009,173,53
100145007,173,53
200064032,173,53
200184029,173,53
100014023,173,55
100264016,173,55
100304048,173,55
100185019,173,56
200154017,173,56
100014013,173,57
100034009,173,58
100226020,173,58
100324037,173,58
100354035,173,58
200095019,173,58
200163001,173,58
100014015,173,59
100284019,173,59
200404010,173,59
100045014,173,60
100185024,173,60
100215002,173,60
100234022,173,60
100253028,173,60
100274021,173,60
100284018,173,60
100304039,173,60
100334006,173,60
100354041,173,60
200044005,173,60
200144020,173,60
200154020,173,60
200284026,173,60
200344009,173,60
200385003,173,60
200413001,173,60
100014012,173,61
100194043,173,61
100294034,173,61
200034018,173,61
200355008,173,61
100024045,173,62
100074008,173,62
100164038,173,62
100184012,173,62
100205037,173,62
100264031,173,62
100335011,173,62
100374004,173,62
200115014,173,62
200195032,173,62
200244049,173,62
200264006,173,62
200393001,173,62
100036022,173,63
100164034,173,63
100224001,173,63
100264030,173,63
100294046,173,63
100316002,173,63
100344016,173,63
100364015,173,63
200024003,173,63
200024013,173,63
200044004,173,63
200104008,173,63
200114020,173,63
200174044,173,63
200195017,173,63
200235028,173,63
200335002,173,63
200354008,173,63
100034016,173,64
100154006,173,64
100224022,173,64
100274003,173,64
100334002,173,64
100334017,173,64
200014014,173,64
200054007,173,64
200125026,173,64
200174010,173,64
200184016,173,64
200194016,173,64
200224029,173,64
200284008,173,64
200305015,173,64
200394011,173,64
100024004,173,65
100035007,173,65
100185020,173,65
100204044,173,65
100225046,173,65
100265027,173,65
100274017,173,65
100294043,173,65
100304029,173,65
100316022,173,65
100315017,173,65
100354002,173,65
100365022,173,65
200014024,173,65
200034014,173,65
200064006,173,65
200075020,173,65
200114002,173,65
200124023,173,65
200144004,173,65
200154004,173,65
200175018,173,65
200194014,173,65
200216009,173,65
200224027,173,65
200295022,173,65
200344014,173,65
100085010,173,66
100274018,173,66
100354034,173,66
200015016,173,66
200035010,173,66
200095004,173,66
200124033,173,66
200415018,173,66
100024035,173,67
100035043,173,67
100085011,173,67
100164003,173,67
100174005,173,67
100195015,173,67
100234029,173,67
100367006,173,67
100374049,173,67
200064022,173,67
200074018,173,67
200134015,173,67
200184030,173,67
200274010,173,67
200325027,173,67
200395009,173,67
100035001,173,68
100035034,173,68
100154002,173,68
100174014,173,68
100235011,173,68
100265002,173,68
100286003,173,68
100315004,173,68
100335037,173,68
100354003,173,68
100354038,173,68
200025022,173,68
200034016,173,68
200064027,173,68
200135028,173,68
200185027,173,68
200204011,173,68
200235029,173,68
200284017,173,68
200325026,173,68
200365003,173,68
100036017,173,69
100234006,173,69
100325030,173,69
200035009,173,69
200185002,173,69
200314001,173,69
200364001,173,69
200416003,173,69
100035029,173,70
100105019,173,70
100155024,173,70
100175014,173,70
100185009,173,70
100205018,173,70
100254007,173,70
100304007,173,70
100344044,173,70
200035036,173,70
200054005,173,70
200065032,173,70
200084022,173,70
200114010,173,70
200144012,173,70
200165018,173,70
200186002,173,70
200225026,173,70
200234006,173,70
200244034,173,70
200265013,173,70
200276014,173,70
200325029,173,70
200394001,173,70
200415016,173,70
100216019,173,71
200035016,173,71
200275027,173,71
100185001,173,72
100244051,173,72
200025003,173,72
200115010,173,72
200186010,173,72
200265033,173,72
200345005,173,72
200365009,173,72
100204032,173,73
100285027,173,73
100345019,173,73
200085008,173,73
200244039,173,73
200315025,173,73
200345011,173,73
100106016,173,74
100245027,173,74
200115024,173,74
200215001,173,74
200314020,173,74
100185037,173,75
100234002,173,75
100285007,173,75
200026008,173,75
200075011,173,75
200215010,173,75
200265031,173,75
200314010,173,75
100165029,173,76
100245015,173,76
200235025,173,76
100226003,173,77
200065030,173,77
100065002,173,78
100374026,173,78
200186031,173,78
200234014,173,78
100216028,173,79
100375023,173,79
100036024,173,80
100125003,173,80
100366011,173,80
200135016,173,80
200116009,173,81
200416001,173,81
200146001,173,82
100087002,173,85
100367009,173,85
200356003,173,85
100025029,173,90
100253050,174,50
200335011,174,50
200174020,174,52
200064030,174,53
200155011,174,54
200035024,174,55
100104005,174,56
100184007,174,57
100384036,174,57
200293005,174,57
200124016,174,58
200204027,174,58
200324017,174,58
200274009,174,59
100024042,174,60
100164025,174,60
100244042,174,60
100264018,174,60
100316030,174,60
100354032,174,60
100385004,174,60
200124007,174,60
200174003,174,60
200234011,174,60
100234030,174,61
100334020,174,61
200234017,174,61
100015005,174,62
100235003,174,62
100284025,174,62
100344034,174,62
200054015,174,62
200164008,174,62
200185012,174,62
200264013,174,62
200324012,174,62
200414008,174,62
100165011,174,63
100274020,174,63
200056007,174,63
200105022,174,63
200204009,174,63
200224009,174,63
200405001,174,63
100024031,174,64
100194028,174,64
100304003,174,64
100385011,174,64
200014025,174,64
200085011,174,64
200134007,174,64
200185038,174,64
200275012,174,64
200304011,174,64
200365007,174,64
200406012,174,64
100045021,174,65
100105009,174,65
100164045,174,65
100185002,174,65
100216022,174,65
100265003,174,65
100275023,174,65
100354012,174,65
100366019,174,65
200035002,174,65
200035021,174,65
200065005,174,65
200065017,174,65
200085052,174,65
200095014,174,65
200134004,174,65
200155009,174,65
200264018,174,65
200295001,174,65
200325009,174,65
200385006,174,65
200415007,174,65
100024041,174,66
100345012,174,66
100365015,174,66
200015034,174,66
200174032,174,66
200195025,174,66
100153002,174,67
100194024,174,67
100215018,174,67
100244019,174,67
100285009,174,67
100344019,174,67
200035020,174,67
200124025,174,67
200215011,174,67
200244001,174,67
200265003,174,67
200315012,174,67
100024012,174,68
100106012,174,68
100235038,174,68
100265024,174,68
100274023,174,68
100304024,174,68
100316019,174,68
100335010,174,68
100355036,174,68
200014021,174,68
200084011,174,68
200215013,174,68
200234018,174,68
200285009,174,68
200315022,174,68
200365015,174,68
200415013,174,68
100244021,174,69
200045037,174,69
200074027,174,69
200085059,174,69
200265009,174,69
200394002,174,69
100034015,174,70
100075013,174,70
100105024,174,70
100174028,174,70
100204025,174,70
100225012,174,70
100304009,174,70
100335020,174,70
100334027,174,70
100345006,174,70
100345034,174,70
100375029,174,70
200014010,174,70
200085034,174,70
200154028,174,70
200195005,174,70
200224002,174,70
200235026,174,70
200284001,174,70
200385005,174,70
200416020,174,70
100235010,174,71
100325027,174,71
100335006,174,71
100365030,174,71
200135006,174,71
200265025,174,71
200365002,174,71
100164044,174,72
100205036,174,72
100254016,174,72
100317016,174,72
100326005,174,72
200145027,174,72
200155014,174,72
200265016,174,72
200304012,174,72
100185006,174,73
200035041,174,73
200085032,174,73
200274012,174,73
200324023,174,73
200394010,174,73
100156018,174,74
100216014,174,74
100253034,174,74
100326006,174,74
200026009,174,74
200046003,174,74
200145009,174,74
100025028,174,75
100174004,174,75
200054004,174,75
200145026,174,75
200205006,174,75
200235001,174,76
200184001,174,77
200345009,174,77
100106018,174,78
100276017,174,78
100356013,174,78
200044018,174,78
200235017,174,78
100215033,174,79
100194009,174,80
100304041,174,80
100344020,174,80
200077009,174,80
200216014,174,80
200076009,174,81
200345006,174,82
100266021,174,83
100367002,174,84
100016001,174,90
200125003,174,95
200344006,175,51
200074014,175,54
100317036,175,55
100344046,175,55
200145007,175,55
100125008,175,56
100045030,175,57
100224015,175,57
100024037,175,58
100224006,175,58
100344031,175,59
100164015,175,60
100195016,175,60
100264021,175,60
100344009,175,60
100364004,175,60
200064004,175,60
200115034,175,60
200145023,175,60
200204005,175,60
200314012,175,60
100165028,175,61
100304042,175,61
200064001,175,61
200325010,175,61
100024063,175,62
100135002,175,62
100215017,175,62
100244037,175,62
100315002,175,62
200014016,175,62
200155013,175,62
200174038,175,62
200254006,175,62
100014016,175,63
100075012,175,63
100105036,175,63
100204022,175,63
100355001,175,63
100385026,175,63
200015039,175,63
200055012,175,63
200165024,175,63
200195035,175,63
200275033,175,63
100174009,175,64
100234009,175,64
100295024,175,64
200045010,175,64
200134013,175,64
200315027,175,64
200386009,175,64
100014007,175,65
100045022,175,65
100086006,175,65
100104002,175,65
100116004,175,65
100174010,175,65
100174020,175,65
100194041,175,65
100275004,175,65
100294041,175,65
100324010,175,65
100354039,175,65
100365035,175,65
100374008,175,65
200015029,175,65
200055042,175,65
200074003,175,65
200085013,175,65
200094004,175,65
200125012,175,65
200145001,175,65
200174015,175,65
200174031,175,65
200185023,175,65
200195023,175,65
200225024,175,65
200244028,175,65
200267008,175,65
200304015,175,65
200376004,175,65
200395019,175,65
100046006,175,66
100185015,175,66
100226008,175,66
100274012,175,66
100316003,175,66
100324024,175,66
100335004,175,66
100354033,175,66
200065028,175,66
200215022,175,66
200264030,175,66
100035028,175,67
100244033,175,67
100265014,175,67
100316026,175,67
100386002,175,67
200096006,175,67
200174004,175,67
200185033,175,67
200195033,175,67
200325007,175,67
200365017,175,67
200396006,175,67
100015013,175,68
100194013,175,68
100204026,175,68
100236005,175,68
100244041,175,68
100294026,175,68
100325014,175,68
100324032,175,68
100345022,175,68
100355034,175,68
100384023,175,68
200034013,175,68
200047007,175,68
200045035,175,68
200055044,175,68
200084013,175,68
200115017,175,68
200154018,175,68
200164001,175,68
200184026,175,68
200245038,175,68
200275025,175,68
200324014,175,68
200395020,175,68
200416024,175,68
100326022,175,69
200015033,175,69
200094025,175,69
200254001,175,69
100036004,175,70
100035036,175,70
100044009,175,70
100074021,175,70
100136005,175,70
100146003,175,70
100165001,175,70
100175006,175,70
100194001,175,70
100205011,175,70
100234001,175,70
100235022,175,70
100265006,175,70
100334003,175,70
100335031,175,70
100355023,175,70
100365023,175,70
200034009,175,70
200075029,175,70
200085033,175,70
200106003,175,70
200146003,175,70
200185034,175,70
200224004,175,70
200245006,175,70
200265032,175,70
200275004,175,70
200276019,175,70
200295006,175,70
200314008,175,70
200395023,175,70
100115003,175,71
100355009,175,71
200155039,175,71
200254010,175,71
100035042,175,72
100065003,175,72
100155016,175,72
100186020,175,72
100204008,175,72
100294013,175,72
100335002,175,72
200044010,175,72
200094024,175,72
200165009,175,72
200225027,175,72
200245026,175,72
200355004,175,72
200366007,175,72
100106006,175,73
100275014,175,73
100295005,175,73
100316017,175,73
200046011,175,73
200085009,175,73
200304008,175,73
100156008,175,74
100195005,175,74
100265033,175,74
100344042,175,74
200315032,175,74
200355001,175,74
100035010,175,75
100155004,175,75
100165005,175,75
100174022,175,75
100205025,175,75
100215022,175,75
100225029,175,75
100265021,175,75
100275035,175,75
100285028,175,75
100317001,175,75
100326018,175,75
100335025,175,75
100355015,175,75
200016013,175,75
200024011,175,75
200045011,175,75
200054013,175,75
200085007,175,75
200135002,175,75
200215008,175,75
200254004,175,75
200275022,175,75
200295021,175,75
200316012,175,75
200366005,175,75
200395006,175,75
200416012,175,75
200075007,175,76
200407006,175,76
100115001,175,77
100305022,175,77
200115012,175,77
100186016,175,78
100366033,175,78
200016021,175,78
200205010,175,78
200345010,175,78
100035023,175,79
200125034,175,79
200277006,175,79
100317028,175,80
200076011,175,80
200174045,175,80
200185019,175,80
200195019,175,80
200225040,175,80
200276010,175,80
200316008,175,80
100205006,175,81
100304013,175,81
200205002,175,81
100195011,175,82
100286020,175,82
100375006,175,82
200096030,175,83
200066006,175,84
100156002,175,85
100216007,175,85
100217020,175,85
200036010,175,85
200116010,175,85
200206001,175,85
200325013,175,85
200336009,175,85
100016016,175,87
100156004,175,90
100217013,175,90
200216007,175,90
100286007,175,95
200165001,175,103
200124013,176,54
100284003,176,55
200015021,176,55
200204003,176,55
200274011,176,55
200416019,176,55
100375018,176,56
100074003,176,58
100374035,176,58
200234019,176,58
100155031,176,60
100195013,176,60
100294005,176,60
200014006,176,60
200055004,176,60
200136023,176,60
200174013,176,60
200284015,176,60
200284012,176,61
200145010,176,62
200174036,176,62
100074013,176,63
100295034,176,63
200044015,176,63
200304026,176,63
100116002,176,64
100275022,176,64
100324008,176,64
200194005,176,64
200225041,176,64
200295003,176,64
200364012,176,64
100164002,176,65
100174036,176,65
100204027,176,65
100245036,176,65
100325013,176,65
100374066,176,65
200085001,176,65
200105021,176,65
200185009,176,65
200225047,176,65
200304014,176,65
100164039,176,66
100334010,176,66
200015012,176,66
200065022,176,66
200106007,176,66
200335001,176,66
100105029,176,67
100175034,176,67
100274015,176,67
200045036,176,67
200216006,176,67
200234013,176,67
100045010,176,68
100105026,176,68
100185016,176,68
100185052,176,68
100294004,176,68
100295032,176,68
100385002,176,68
200024017,176,68
200054012,176,68
200085044,176,68
200115023,176,68
200136028,176,68
200225031,176,68
200275010,176,68
200304003,176,68
200325011,176,68
100045016,176,69
200024022,176,69
200065026,176,69
200095013,176,69
200135004,176,69
200266004,176,69
100024059,176,70
100035027,176,70
100115007,176,70
100155027,176,70
100175008,176,70
100194018,176,70
100225001,176,70
100254005,176,70
100316031,176,70
100335022,176,70
100365014,176,70
100385020,176,70
200015040,176,70
200035026,176,70
200055003,176,70
200095018,176,70
200115002,176,70
200124035,176,70
200134008,176,70
200136027,176,70
200195037,176,70
200214003,176,70
200225013,176,70
200265001,176,70
200284004,176,70
200304006,176,70
200315002,176,70
200386010,176,70
200416015,176,70
100164043,176,71
100245038,176,71
100325015,176,71
100355038,176,71
200075022,176,71
200135026,176,71
200195030,176,71
100024044,176,72
100204040,176,72
100275026,176,72
100325008,176,72
200025029,176,72
200055019,176,72
200095002,176,72
200124006,176,72
200196016,176,72
200235006,176,72
200267005,176,72
200415008,176,72
100015043,176,73
100205050,176,73
100295010,176,73
100366017,176,73
200064020,176,73
200185029,176,73
200226011,176,73
200235021,176,73
200395010,176,73
100317035,176,74
200055032,176,74
200155019,176,74
100075028,176,75
100155023,176,75
100165037,176,75
100226017,176,75
100304043,176,75
100336010,176,75
100385021,176,75
200174001,176,75
200196008,176,75
200275026,176,75
200376005,176,75
100216009,176,76
200254011,176,76
100035009,176,77
100105005,176,77
100175005,176,77
100317012,176,77
100385018,176,77
100135001,176,78
100276014,176,78
200226015,176,78
200244044,176,78
200315021,176,78
200146023,176,79
100105007,176,80
100335024,176,80
200036011,176,80
200116013,176,80
200255011,176,80
100305031,176,81
100195025,176,82
200137007,176,82
200165006,176,83
100305005,176,84
100086010,176,85
100337002,176,85
200186004,176,85
200196004,176,85
200275024,176,85
200385004,176,85
200027003,176,88
200255009,176,90
100264014,176,95
200094017,177,53
200124015,177,55
200075009,177,57
100294008,177,58
200104016,177,58
200175003,177,58
100155015,177,60
100253012,177,60
100284002,177,60
200075004,177,60
200094003,177,60
100155013,177,62
200114001,177,62
100024009,177,63
100075014,177,63
100174027,177,63
100204005,177,63
100375009,177,63
200064024,177,63
200125002,177,63
200185028,177,63
200408001,177,63
100355016,177,64
200015042,177,64
200085055,177,64
200164007,177,64
200355009,177,64
100025020,177,65
100035012,177,65
100155007,177,65
100164001,177,65
100175015,177,65
100235007,177,65
100234033,177,65
100253064,177,65
100304008,177,65
100316009,177,65
100316014,177,65
100385012,177,65
200035034,177,65
200095029,177,65
200124041,177,65
200265018,177,65
200275034,177,65
200315001,177,65
100074023,177,66
100215014,177,66
100355018,177,66
200074012,177,66
200105016,177,66
200265011,177,66
200315023,177,66
100174016,177,67
100235030,177,67
100295009,177,67
100375013,177,67
200244016,177,67
100253044,177,68
100304032,177,68
100366035,177,68
100384001,177,68
200105020,177,68
200155027,177,68
200184021,177,68
200264008,177,68
200386012,177,68
100015037,177,69
100174021,177,69
100234020,177,69
100264010,177,69
100304049,177,69
200028001,177,69
200146027,177,69
200185018,177,69
200195018,177,69
200314014,177,69
100155008,177,70
100175026,177,70
100194014,177,70
100205034,177,70
100235004,177,70
100245033,177,70
100275025,177,70
100304023,177,70
100335005,177,70
100365007,177,70
100374059,177,70
200025014,177,70
200035025,177,70
200085050,177,70
200134016,177,70
200145012,177,70
200185013,177,70
200195013,177,70
200225020,177,70
200245032,177,70
200274016,177,70
200284020,177,70
200395017,177,70
200035039,177,71
200305003,177,71
100015007,177,72
100025027,177,72
100045001,177,72
100175010,177,72
100205032,177,72
100225039,177,72
100236013,177,72
100374014,177,72
200045029,177,72
200085038,177,72
200146026,177,72
200245033,177,72
200284023,177,72
200406013,177,72
100106003,177,73
100185004,177,73
100205002,177,73
100265020,177,73
100335035,177,73
100356018,177,73
100385033,177,73
200076007,177,73
200166009,177,73
200205012,177,73
100136003,177,74
100316001,177,74
200277008,177,74
200326008,177,74
100044006,177,75
100105006,177,75
100165042,177,75
100236003,177,75
100235021,177,75
100265035,177,75
100365017,177,75
200056011,177,75
200115028,177,75
200155005,177,75
200166011,177,75
200195014,177,75
200204025,177,75
200395015,177,75
200405020,177,75
100036009,177,76
100165026,177,76
100385024,177,76
200045001,177,76
200085045,177,76
200276018,177,76
200405018,177,76
100195002,177,77
100216016,177,77
100277002,177,77
100276021,177,77
200058001,177,77
200146018,177,77
200235003,177,77
200336006,177,77
200395022,177,77
100155026,177,78
100317015,177,78
200156008,177,78
100025017,177,79
100265017,177,79
200277009,177,79
100186011,177,80
100295029,177,80
100326025,177,80
200076001,177,80
200226006,177,80
200245029,177,80
200345013,177,80
200416017,177,80
200206005,177,81
100335016,177,82
200196017,177,82
100205049,177,84
100075007,177,85
100356005,177,85
200048001,177,85
200236001,177,85
200276023,177,85
100286019,177,87
100176008,177,90
200407005,177,90
200077011,177,92
200397001,177,100
100024054,178,55
100115002,178,55
100085003,178,56
100345018,178,56
200315028,178,56
200216012,178,57
100075008,178,60
100294003,178,60
100374062,178,60
200095036,178,60
200174005,178,60
200283011,178,60
200325031,178,60
100196008,178,61
100285006,178,61
100344030,178,61
200024023,178,61
200055006,178,61
200074010,178,61
200125031,178,61
200194004,178,61
200415023,178,61
100234028,178,62
100334028,178,62
200055028,178,62
200124024,178,62
200214009,178,62
100164033,178,63
100194031,178,63
100374015,178,63
200174042,178,63
200284022,178,63
100315027,178,64
100045018,178,65
100126004,178,65
100175027,178,65
100253008,178,65
100304011,178,65
100335013,178,65
100355035,178,65
100374044,178,65
200044020,178,65
200074022,178,65
200125005,178,65
200165012,178,65
200235009,178,65
200324007,178,65
100015029,178,66
100225002,178,66
100235002,178,66
100254004,178,66
100304025,178,66
200074006,178,66
200336007,178,66
100025031,178,67
100075004,178,67
200015014,178,67
200035028,178,67
200085027,178,67
200325012,178,67
100025018,178,68
100045028,178,68
100175020,178,68
100253010,178,68
100304030,178,68
100345014,178,68
100365034,178,68
200045007,178,68
200095026,178,68
200115009,178,68
200124005,178,68
200185001,178,68
200195001,178,68
200234001,178,68
200315005,178,68
200355010,178,68
100045005,178,69
100225005,178,69
100244055,178,69
200315007,178,69
100015017,178,70
100046002,178,70
100105018,178,70
100125002,178,70
100205051,178,70
100236012,178,70
100285030,178,70
100317002,178,70
100345009,178,70
100346015,178,70
200015024,178,70
200035015,178,70
200045003,178,70
200066001,178,70
200096004,178,70
200105024,178,70
200185008,178,70
200225001,178,70
200245005,178,70
200304025,178,70
200315026,178,70
200335004,178,70
200416009,178,70
100085001,178,71
100224011,178,71
100295022,178,71
100375024,178,71
200404004,178,71
100035021,178,72
100174007,178,72
100275012,178,72
100335028,178,72
100355033,178,72
100375026,178,72
200035008,178,72
200094016,178,72
200115015,178,72
200145020,178,72
200165013,178,72
200284019,178,72
200325024,178,72
200345007,178,72
200375008,178,72
100035040,178,73
100045023,178,73
100135004,178,73
100165014,178,73
100186013,178,73
100236016,178,73
100245009,178,73
100295021,178,73
100335007,178,73
100375022,178,73
200025007,178,73
200045027,178,73
200077003,178,73
200136016,178,73
200185036,178,73
200205001,178,73
200225009,178,73
200266009,178,73
200315006,178,73
100106020,178,74
100144005,178,74
100215008,178,74
100266010,178,74
100305001,178,74
200035044,178,74
200056019,178,74
200095035,178,74
200186013,178,74
200205003,178,74
200245012,178,74
200325032,178,74
100226010,178,75
100294031,178,75
100336009,178,75
100385017,178,75
200016002,178,75
200045015,178,75
200075002,178,75
200085022,178,75
200095010,178,75
200095030,178,75
200155040,178,75
200186009,178,75
200216002,178,75
200314024,178,75
200405012,178,75
100046010,178,76
100175035,178,76
100336022,178,76
200025001,178,76
200045034,178,76
200075027,178,76
200175023,178,76
100176006,178,77
100275003,178,77
100356007,178,77
200025017,178,77
200055015,178,77
200085046,178,77
200125022,178,77
200136011,178,77
200235014,178,77
200416023,178,77
100115008,178,78
100165030,178,78
100185053,178,78
100205047,178,78
100245013,178,78
100276009,178,78
200036018,178,78
200095021,178,78
200136004,178,78
200245034,178,78
200366002,178,78
200395016,178,78
100185029,178,79
100325025,178,79
100066001,178,80
100285004,178,80
200017002,178,80
200065034,178,80
200136025,178,80
200166013,178,80
200236003,178,80
200244027,178,80
200406005,178,80
100305040,178,81
100326024,178,81
200065003,178,81
200195026,178,81
100276004,178,82
100326001,178,82
200316005,178,82
200268002,178,83
200366001,178,83
100175021,178,84
200015022,178,84
100107013,178,85
100176010,178,85
100266008,178,85
100317034,178,85
100344004,178,85
200165019,178,85
200278003,178,85
100036011,178,86
200186022,178,86
200146006,178,87
200416016,178,87
100286029,178,88
100217021,178,90
200077004,178,90
100216010,178,95
100326009,178,95
200046013,178,100
100037003,179,52
200114003,179,54
200174016,179,56
100385036,179,59
100365025,179,60
200144008,179,60
200284024,179,61
100205007,179,62
100326010,179,62
200055031,179,62
100275013,179,63
200145025,179,63
100365012,179,64
200274015,179,64
200305022,179,64
100295042,179,65
200085035,179,65
200146029,179,65
100204006,179,66
200095001,179,66
100024030,179,67
100364010,179,67
200015035,179,67
200065013,179,67
200196019,179,67
200255002,179,67
100125007,179,68
100216027,179,68
100285021,179,68
100374064,179,68
100385025,179,68
200015037,179,68
200115041,179,68
200195004,179,68
100225019,179,69
200135022,179,69
100015004,179,70
100036023,179,70
100225032,179,70
100305036,179,70
100385032,179,70
200035027,179,70
200065029,179,70
200175019,179,70
200196018,179,70
200285002,179,70
200295010,179,70
200396004,179,70
100285003,179,71
100325005,179,71
100034004,179,72
100186010,179,72
100275036,179,72
200115011,179,72
200225006,179,72
200375004,179,72
200385007,179,72
100025005,179,73
100165018,179,73
100205035,179,73
100254002,179,73
100295044,179,73
200025028,179,73
200155007,179,73
200196014,179,73
100025026,179,74
100186004,179,74
100305038,179,74
100344012,179,74
200055041,179,74
200396002,179,74
100245008,179,75
100305026,179,75
200016020,179,75
200136021,179,75
200285008,179,75
200046012,179,76
200136005,179,76
100046007,179,77
100155021,179,77
100265009,179,77
100385035,179,77
200116001,179,77
200196029,179,77
100105040,179,78
100176011,179,78
200015019,179,78
200185003,179,78
200285005,179,78
100136001,179,79
100245030,179,79
200055040,179,79
200226009,179,79
200415001,179,79
100126003,179,80
200016011,179,80
200106008,179,80
200236005,179,80
200245042,179,80
200396001,179,80
100175029,179,82
100156017,179,83
100276011,179,83
100025019,179,85
100336016,179,85
100385028,179,85
100016020,179,86
200017005,179,89
100217018,179,90
200116020,179,91
200047004,179,93
100286023,179,94
100336020,180,55
200074001,180,55
200175022,180,56
200195020,180,58
100285002,180,60
100366026,180,60
200144022,180,60
200224022,180,60
100045026,180,62
100355008,180,62
200284009,180,62
200045020,180,63
200075019,180,63
200326007,180,63
100195017,180,64
100374041,180,64
200155022,180,64
200295008,180,64
100035022,180,65
100137002,180,65
100175031,180,65
100275040,180,65
100295045,180,65
100335021,180,65
200105018,180,65
200284025,180,65
200395024,180,65
200116002,180,66
100024061,180,67
200315010,180,67
100024058,180,68
100105016,180,68
100253059,180,68
100326026,180,68
200015036,180,68
200045017,180,68
200125029,180,68
100165038,180,69
100304031,180,69
200034020,180,69
200255008,180,69
100024024,180,70
100186022,180,70
100215032,180,70
100236014,180,70
100254012,180,70
100266022,180,70
100267008,180,70
100275030,180,70
100295048,180,70
100326027,180,70
100355029,180,70
100366024,180,70
100375015,180,70
200015032,180,70
200055023,180,70
200085020,180,70
200146005,180,70
200185011,180,70
200195011,180,70
200204007,180,70
200205024,180,70
200236006,180,70
200245021,180,70
200315008,180,70
200386005,180,70
200395013,180,70
100035039,180,71
100155014,180,71
100235035,180,71
100335012,180,71
200015028,180,71
200204030,180,71
100165045,180,72
100185032,180,72
100275037,180,72
100305039,180,72
100335019,180,72
200045005,180,72
200105017,180,72
200156006,180,72
200195006,180,72
200226007,180,72
200275002,180,72
200316007,180,72
100155020,180,73
100275001,180,73
100366014,180,73
200155037,180,73
200196027,180,73
200325003,180,73
200406007,180,73
100025002,180,74
100105001,180,74
100175023,180,74
100226009,180,74
100286024,180,74
100335015,180,74
200015027,180,74
200035018,180,74
200125035,180,74
200165004,180,74
200326002,180,74
100016015,180,75
100024050,180,75
100155012,180,75
100165017,180,75
100186002,180,75
100195003,180,75
100205008,180,75
100235032,180,75
100245021,180,75
100276002,180,75
100285011,180,75
100305014,180,75
100316013,180,75
100316021,180,75
100336006,180,75
200034008,180,75
200035014,180,75
200066002,180,75
200076008,180,75
200095028,180,75
200125023,180,75
200146011,180,75
200225037,180,75
200277012,180,75
200295017,180,75
200405004,180,75
100024036,180,76
100155019,180,76
100253049,180,76
200015041,180,76
200046018,180,76
200066009,180,76
200096026,180,76
200284007,180,76
100016013,180,77
100196016,180,77
100326017,180,77
200036005,180,77
200046014,180,77
100165043,180,78
100245025,180,78
100356006,180,78
100386017,180,78
200046020,180,78
200076016,180,78
200244015,180,78
200375003,180,78
200386008,180,78
100175003,180,79
100355026,180,79
100016010,180,80
100036021,180,80
100045033,180,80
100086007,180,80
100186008,180,80
100235005,180,80
100255004,180,80
100276022,180,80
100295043,180,80
100326007,180,80
100366022,180,80
100375007,180,80
100386005,180,80
200016008,180,80
200037003,180,80
200065036,180,80
200085043,180,80
200125011,180,80
200186025,180,80
200285015,180,80
200305014,180,80
100015042,180,81
100295007,180,81
200135007,180,81
200266003,180,81
100266003,180,82
200065031,180,82
200165016,180,82
200296007,180,82
100096002,180,83
100305004,180,83
200065011,180,83
200316013,180,83
100186019,180,84
100245037,180,84
100375010,180,84
200056001,180,84
200276012,180,84
100086008,180,85
100205043,180,85
100286011,180,85
100305030,180,85
200026002,180,85
200056002,180,85
200175034,180,85
200195024,180,85
200276020,180,85
100085008,180,86
200056018,180,86
100346003,180,87
200027002,180,87
100356014,180,88
200037005,180,89
100037001,180,90
100236007,180,90
100267004,180,90
100295011,180,90
200166006,180,90
200367004,180,90
100267006,180,95
200125027,180,96
200166008,180,100
200226004,181,57
100365021,181,58
100344023,181,59
100154026,181,60
200155028,181,60
100085009,181,61
100326012,181,61
200415011,181,61
100106005,181,63
200244002,181,63
200016003,181,64
100205022,181,65
100374045,181,65
200056020,181,65
200245040,181,65
200077006,181,66
200137005,181,66
200405016,181,66
200025015,181,67
200085048,181,67
200146025,181,67
200215007,181,67
200395004,181,67
100017006,181,68
200035012,181,68
200115013,181,68
200225010,181,68
200305013,181,68
100116003,181,69
100035026,181,70
100195021,181,70
100275033,181,70
100365036,181,70
200035030,181,70
200136020,181,70
100355032,181,71
100154018,181,72
100245032,181,72
100265015,181,72
100326004,181,72
100385001,181,72
100105034,181,73
100225025,181,73
100305006,181,73
200036008,181,73
200206007,181,73
200225038,181,73
200356002,181,73
100024052,181,74
100316023,181,74
100366008,181,74
200105019,181,74
200116018,181,74
200216008,181,74
200396008,181,74
100116001,181,75
100217017,181,75
100276020,181,75
100366030,181,75
200036017,181,75
200205007,181,75
200385010,181,75
100205005,181,76
100235033,181,76
100345001,181,76
200036003,181,76
200275017,181,76
100025022,181,77
100186018,181,77
200075016,181,77
100176007,181,78
100253060,181,78
200096032,181,78
200166002,181,78
200196015,181,78
200316016,181,78
100295004,181,79
200135020,181,79
200386011,181,79
100045029,181,80
100165033,181,80
100266005,181,80
100295002,181,80
100326021,181,80
100336021,181,80
200046017,181,80
200267003,181,80
200305009,181,80
200406003,181,80
100065001,181,81
100216021,181,81
100226021,181,81
200036013,181,81
200136024,181,81
100386004,181,82
200155018,181,82
100106022,181,83
100295036,181,83
200066021,181,83
100266017,181,84
100326014,181,84
200326009,181,84
100225016,181,85
100227003,181,85
200066019,181,85
100295039,181,86
100325019,181,86
200125033,181,88
200417005,181,88
100236001,181,90
200226018,181,91
200368002,181,93
100256002,181,97
200186007,181,98
200316006,181,98
100266023,182,35
200155032,182,60
200185022,182,63
100196020,182,64
100035032,182,65
100326016,182,65
100305041,182,66
200315016,182,66
200146016,182,67
100305016,182,68
200025018,182,68
200055016,182,68
200116011,182,68
100074025,182,69
200125025,182,69
100106004,182,70
100205016,182,70
200035037,182,70
200085047,182,70
200235002,182,70
200026010,182,71
100155002,182,72
100345037,182,72
200136002,182,72
200166010,182,72
200206004,182,72
200216003,182,72
100106007,182,73
100226007,182,73
100305007,182,73
200025009,182,73
200166005,182,73
100276023,182,74
100385005,182,74
200186030,182,74
200265024,182,74
100015008,182,75
100035044,182,75
100254010,182,75
200036016,182,75
200065007,182,75
200156010,182,75
200236004,182,75
100366013,182,76
100216023,182,77
100295017,182,77
200265019,182,77
200027007,182,78
200186023,182,78
200346003,182,78
200075012,182,79
100305019,182,80
100345011,182,80
200096028,182,80
200184007,182,80
200194007,182,80
200206009,182,80
200135009,182,81
100295020,182,82
200016022,182,82
200296010,182,82
100245016,182,83
200016007,182,84
100046005,182,85
100147002,182,85
100367003,182,85
200186005,182,85
200106006,182,88
100187002,182,89
200236007,182,92
100017004,182,96
200047002,182,98
200175025,183,55
100024046,183,60
100216031,183,62
200285010,183,63
100175019,183,65
100315019,183,65
200065018,183,65
200174033,183,65
200085028,183,66
100025016,183,67
100286012,183,67
200125032,183,67
100345026,183,68
200146007,183,68
200305002,183,68
200225039,183,69
100126002,183,70
100305024,183,70
100365004,183,70
100366034,183,70
200095009,183,70
200175021,183,70
200065035,183,71
200175029,183,71
100025033,183,72
100336023,183,72
200276016,183,72
100235008,183,73
100285022,183,73
100036008,183,74
100316018,183,74
100374053,183,74
200096024,183,74
200226016,183,74
200284006,183,74
100015025,183,75
100186021,183,75
100266018,183,75
100336004,183,75
100375031,183,75
200115026,183,75
200186028,183,75
200397004,183,75
100016012,183,76
100216030,183,76
100256007,183,76
100385022,183,76
200096002,183,76
200235016,183,76
100036025,183,77
100345024,183,77
200046019,183,77
200186020,183,77
200196020,183,77
200376010,183,77
100025032,183,78
100156011,183,78
100346011,183,78
200056017,183,78
200085018,183,78
200096014,183,78
200326010,183,78
100205003,183,79
100317008,183,79
200395005,183,79
100036012,183,80
100196013,183,80
100294001,183,80
100346005,183,80
200066012,183,80
200156017,183,80
200245030,183,80
100135008,183,81
100295006,183,81
100286009,183,82
200056006,183,82
100195032,183,83
100205028,183,83
200066016,183,83
200156012,183,83
100165015,183,85
100386014,183,85
200016004,183,85
200046015,183,85
200267006,183,85
200367005,183,85
100025009,183,86
100277003,183,87
100205052,183,88
200407001,183,89
100346009,183,90
200077007,183,90
100187003,183,93
100317011,183,95
100176013,183,100
100137001,183,108
100147001,183,109
100086005,184,60
200315030,184,60
100345030,184,63
100264009,184,64
200205005,184,65
200125020,184,66
200115004,184,69
100285005,184,70
100345035,184,70
200205016,184,70
200405014,184,70
100366021,184,72
200376011,184,72
100195022,184,74
100345017,184,74
200016006,184,74
200096018,184,74
200295013,184,74
100266004,184,75
200036006,184,75
100266015,184,76
100366007,184,76
200166014,184,76
100025008,184,77
100127003,184,77
200186001,184,77
200326016,184,77
100266025,184,78
100294019,184,78
200095027,184,78
100234036,184,79
200276008,184,79
100165007,184,80
200027004,184,80
200057002,184,80
200225008,184,80
200267001,184,80
200314005,184,80
200085040,184,81
100106008,184,82
200267004,184,82
200245010,184,83
100254008,184,84
200407004,184,84
200096007,184,85
100156012,184,86
100305025,184,87
100156019,184,89
200117003,184,89
200016010,184,90
100156005,184,92
200407002,184,93
100256001,184,97
200096015,184,110
200016018,185,63
100226002,185,65
100375011,185,65
100315012,185,68
100025013,185,70
200076004,185,70
100265016,185,72
200137001,185,73
200245022,185,73
100217016,185,74
100366031,185,74
200416008,185,74
100036014,185,75
100305027,185,75
200056015,185,75
200245001,185,75
100227002,185,76
100165021,185,77
100356017,185,77
200245031,185,77
100025003,185,78
200085031,185,78
200267007,185,78
100025030,185,80
100245029,185,80
100305034,185,80
100336013,185,80
100386015,185,80
200085058,185,80
200316004,185,80
200326006,185,80
200417001,185,80
100106014,185,82
100255001,185,82
200056009,185,82
200266006,185,82
100127001,185,83
100226019,185,83
100345020,185,84
100267001,185,85
100346002,185,85
200047001,185,85
200066011,185,85
200245003,185,85
200146008,185,87
200206011,185,89
100227001,185,90
200096033,185,90
200286002,185,90
200077002,185,93
200166012,185,95
200077001,185,100
200265014,186,56
100036018,186,65
100226013,186,68
200296006,186,68
100286008,186,70
200156002,186,70
100047003,186,72
100256004,186,73
200106002,186,74
100075019,186,75
200146021,186,75
100036015,186,76
100046013,186,76
200076006,186,76
200326001,186,76
100335029,186,77
200117001,186,79
200376003,186,79
100036010,186,80
100037004,186,81
200196006,186,81
100216032,186,82
100305023,186,83
200156007,186,83
200036014,186,85
200276009,186,85
100245028,186,86
200096023,186,87
200226005,186,89
100346006,186,90
200175016,186,90
100037002,186,100
200124043,187,63
100226004,187,70
200156005,187,70
200116006,187,71
100265029,187,73
200175009,187,74
100195009,187,75
100265005,187,75
100326019,187,77
100346016,187,78
200255004,187,78
200316001,187,78
100356003,187,80
200106010,187,80
200175028,187,80
200096017,187,81
100196002,187,83
200146010,187,84
100317025,187,85
200326004,187,85
200016014,187,90
100237003,187,95
100276008,188,70
100356010,188,70
100217009,188,71
200096009,188,71
200418001,188,74
200277005,188,76
100366016,188,78
100196011,188,80
200278001,188,80
100356015,188,82
200277010,188,83
100375016,188,85
100017005,188,88
200125018,188,88
200196011,188,88
200397006,188,89
100336005,188,90
100137003,188,95
100367007,188,98
100074006,189,72
100046004,189,78
100016011,189,80
100317018,189,82
200316011,189,88
100117001,189,91
200225028,190,70
100266019,190,74
200216016,190,80
100217022,190,85
100075027,190,88
200146017,190,97
200316010,191,75
200076012,192,79
100267002,192,99
100186014,195,85
